zona,via,posti
1,Via Carlo Cattaneo,20
1,Contrà Mure Rocchetta,44
1,Contrà Mure San Rocco,43
1,Contrà S. Maria Nova,9
1,Contrà S.Rocco,13
1,Contrà Busato,18
1,Contrà Borghetto,7
1,Contrà Lodi,24
1,Contra' Porta Nova,21
1,Corso Fogazzaro,13
1,Stradella Borghetto,7
1,Porta S.Croce,10
1,Mure Corpus Domini,22
1,Contrà Corpus Domini,12
1,Contrà S.Ambrogio,15
1,Str.lla Soccorso Socc.to,4
1,Contrà Mure Porta Nova,24
2,Via G.B. Vico,125
2,Via Galilei,61
2,Via Pacinotti,17
2,Via Pagliarino,35
2,Via Pajello,61
2,Via Sarpi,66
2,Via Tasso,7
2,Via Torricelli,7
2,Via Volta,51
2,Viale Bacchiglione,18
2,Viale Rodolfi,118
2,Viale D'Alviano,84
2,Contrà S. Bortolo,10
2,Contrà S. Francesco,3
2,Contrà Forti San Francesco,6
2,Contrà della Misericordia,46
2,Contrà S. Marco,7
3,Area Legione Gallieno,28
3,Contrà Mure S. Domenico,23
3,Contrà S.Domenico,40
3,Piazza Araceli,49
3,Via Legione Gallieno,4
3,Viale Margherita,16
3,Contrà Porta Padova,35
3,Contrà Porta S.Lucia,34
3,Contrà S. Pietro,30
3,Piazza S. Pietro,19
3,Via IV Novembre,30
3,Contrà dei Torretti,2
4,Contrà Burci,17
4,Contrà Chinotto,15
4,Contrà S. Caterina,35
4,Contrà S. Chiara,3
4,Contrà S. Silvestro,16
4,Contrà S. Tomaso,0
4,Contrà Valmerlara,12
4,Stradella Fossetta,8
4,Viale X Giugno,12
